application_id,customer_id,amount,term_months,debts_monthly,collateral_value,purpose
1,10001,4693688,180,15660,3163843.0,home
2,10002,243099,36,4850,,education
3,10003,5404965,240,55674,3502111.0,home
4,10004,299206,36,8323,,personal
5,10005,238329,24,4873,,personal
6,10006,1383721,48,18634,1579832.0,vehicle
7,10007,138307,36,7281,,personal
8,10008,2197659,300,5390,5182796.0,home
9,10009,1128775,60,17591,2254103.0,vehicle
10,10010,2611638,180,14499,4840931.0,home
11,10011,1024225,84,35590,3124438.0,business
12,10012,207252,24,965,,personal
13,10013,170707,24,12004,,personal
14,10014,1283770,120,7094,4624020.0,business
15,10015,4013939,120,21118,7112754.0,home
16,10016,977639,60,29329,2530180.0,business
17,10017,2256898,240,39008,5287756.0,home
18,10018,615610,36,43880,,personal
19,10019,292198,24,4717,,personal
20,10020,2507376,120,38347,6458608.0,home
21,10021,441931,60,17554,1637968.0,vehicle
22,10022,2049283,300,27709,4291643.0,home
23,10023,1441710,60,27550,2232271.0,business
24,10024,3842186,300,2130,4631825.0,home
25,10025,701393,48,8293,1420629.0,vehicle
26,10026,508759,36,21707,,personal
27,10027,1933000,120,0,5931132.0,home
28,10028,1495633,36,31607,1316268.0,vehicle
29,10029,472905,48,6271,,education
30,10030,6197477,180,45172,4448929.0,home
31,10031,72013,36,17420,,personal
32,10032,6012183,240,15098,6588513.0,home
33,10033,2143580,180,10833,4950900.0,home
34,10034,402578,48,25652,,education
35,10035,2262435,48,48610,1662234.0,vehicle
36,10036,1770521,60,21109,3576003.0,business
37,10037,514783,36,31629,,personal
38,10038,1261821,48,3942,1266822.0,vehicle
39,10039,516764,48,16347,1253046.0,vehicle
40,10040,1842484,240,19523,5583943.0,home
41,10041,3776054,300,51123,6123318.0,home
42,10042,591847,48,6720,1124892.0,vehicle
43,10043,63832,36,13903,,personal
44,10044,1612316,120,18127,4074409.0,home
45,10045,3295141,300,31150,5457523.0,home
46,10046,1092194,48,15836,1967911.0,vehicle
47,10047,1628449,300,4236,4956918.0,home
48,10048,225895,48,16751,,personal
49,10049,703649,36,18949,963442.0,vehicle
50,10050,1133318,48,17217,1060135.0,vehicle
51,10051,2330916,180,123,3312123.0,home
52,10052,2446723,60,6738,2795215.0,business
53,10053,3066365,180,30431,5073398.0,home
54,10054,177444,24,6986,,personal
55,10055,754764,48,7282,1388677.0,vehicle
56,10056,230284,48,41899,,personal
57,10057,322093,36,17873,,personal
58,10058,3193099,240,45597,3895812.0,home
59,10059,409725,48,25859,,personal
60,10060,234249,36,35544,,personal
61,10061,2784621,120,31519,5925827.0,home
62,10062,3779553,300,36920,5477815.0,home
63,10063,93574,36,834,,education
64,10064,187047,36,12667,,personal
65,10065,312029,36,54249,,personal
66,10066,155419,36,5970,,personal
67,10067,183029,24,46665,,personal
68,10068,249098,24,15136,,personal
69,10069,438813,36,35864,,education
70,10070,5744798,240,0,5577794.0,home
71,10071,1077048,84,2514,2950454.0,business
72,10072,1916229,180,9488,5340172.0,home
73,10073,284870,60,15564,769669.0,vehicle
74,10074,328397,36,7102,,personal
75,10075,1567315,36,70668,1800345.0,vehicle
76,10076,1441401,240,10856,4938085.0,home
77,10077,4495094,240,19079,3584579.0,home
78,10078,313231,36,2424,,education
79,10079,2381906,60,14490,3062215.0,business
80,10080,756774,24,33475,,education
81,10081,1327486,36,0,1355473.0,vehicle
82,10082,2963735,120,32816,5312540.0,home
83,10083,1985347,240,9070,4435946.0,home
84,10084,2160253,180,19681,5696634.0,home
85,10085,2884495,120,43095,7780825.0,home
86,10086,716322,48,41483,1248114.0,vehicle
87,10087,2311301,180,14901,5167618.0,home
88,10088,5379994,180,32047,5095174.0,home
89,10089,223350,48,10594,,personal
90,10090,82079,24,22026,,personal
91,10091,1299444,84,6089,4512235.0,business
92,10092,296306,36,13626,,education
93,10093,3396182,180,43032,5373015.0,home
94,10094,417545,48,77443,,personal
95,10095,1085453,120,0,2984950.0,home
96,10096,334887,24,27337,,personal
97,10097,433196,48,26939,,personal
98,10098,343160,36,19497,,personal
99,10099,1354103,120,7204,1604485.0,business
100,10100,238865,48,6728,,personal
101,10101,650709,48,17888,,personal
102,10102,3628860,300,40275,5264174.0,home
103,10103,3184193,60,47337,2850763.0,business
104,10104,4501643,180,80018,4978200.0,home
105,10105,4490589,120,55301,3479366.0,business
106,10106,2380124,180,925,5832916.0,home
107,10107,2133719,120,13974,4106063.0,home
108,10108,422697,36,19280,,personal
109,10109,1932387,240,22833,4151776.0,home
110,10110,202459,36,10770,,personal
111,10111,5298560,180,76212,4752500.0,home
112,10112,1090687,48,17337,,personal
113,10113,158953,48,0,,personal
114,10114,291396,36,18876,,personal
115,10115,834967,36,14586,1095862.0,vehicle
116,10116,4032470,120,77597,6381304.0,home
117,10117,367820,24,24436,,personal
118,10118,4659542,120,29752,6122593.0,home
119,10119,978449,36,2823,1158873.0,vehicle
120,10120,571176,24,45818,,education
121,10121,575663,36,8472,1632730.0,vehicle
122,10122,1458399,300,13812,6132402.0,home
123,10123,4520965,180,89764,4290745.0,home
124,10124,1474418,240,2356,6733653.0,home
125,10125,116738,24,14205,,personal
126,10126,2273520,180,11463,6580861.0,home
127,10127,6377560,60,103938,3574831.0,business
128,10128,6387972,180,31584,5932306.0,home
129,10129,2102169,240,20524,4799448.0,home
130,10130,423920,36,40176,,education
131,10131,2979562,240,56192,5590980.0,home
132,10132,624437,36,82585,,education
133,10133,312552,36,0,,personal
134,10134,1845678,180,0,3150121.0,home
135,10135,167733,36,20339,,personal
136,10136,1496023,48,36197,1128681.0,vehicle
137,10137,3318529,180,27179,4011230.0,home
138,10138,4725260,240,7189,2085065.0,home
139,10139,888094,120,9200,3592698.0,business
140,10140,1353517,240,0,3779306.0,home
141,10141,312678,48,12837,,personal
142,10142,904017,60,15892,1552905.0,vehicle
143,10143,2440493,240,18202,4139283.0,home
144,10144,1121855,48,51587,1384512.0,vehicle
145,10145,387337,36,24507,,personal
146,10146,354559,48,43150,,personal
147,10147,429123,48,2502,1498403.0,vehicle
148,10148,276666,36,36093,,personal
149,10149,2555976,300,41446,3687871.0,home
150,10150,1002544,84,5351,3963951.0,business
151,10151,192669,48,5172,,personal
152,10152,115222,24,5165,,personal
153,10153,408843,24,54250,,personal
154,10154,800062,60,1055,1175424.0,vehicle
155,10155,180824,36,15560,,personal
156,10156,415212,36,22430,,education
157,10157,538371,60,5851,1317137.0,vehicle
158,10158,441155,48,31470,,education
159,10159,2491725,240,32503,5978362.0,home
160,10160,748493,48,5351,1857591.0,vehicle
161,10161,1946210,300,20631,6857693.0,home
162,10162,2807646,240,48954,4577339.0,home
163,10163,2926164,180,9626,4452678.0,home
164,10164,111353,24,3586,,personal
165,10165,938354,48,34634,1888135.0,vehicle
166,10166,283048,36,10475,,personal
167,10167,3170169,120,15385,4528296.0,home
168,10168,2404351,48,40365,2201647.0,vehicle
169,10169,3375943,120,58713,4031375.0,home
170,10170,3075582,180,0,7167539.0,home
171,10171,400600,24,33312,,education
172,10172,624118,36,24483,,education
173,10173,2025835,180,16782,6190552.0,home
174,10174,482973,36,27959,1157584.0,vehicle
175,10175,195915,48,19298,,personal
176,10176,2673412,120,44084,5808830.0,home
177,10177,1207856,180,28049,3819948.0,home
178,10178,295094,48,15253,,personal
179,10179,3868866,120,23392,5153769.0,home
180,10180,2583445,84,23660,3269423.0,business
181,10181,613230,36,17434,,education
182,10182,822350,48,0,2137516.0,vehicle
183,10183,606927,36,13977,1228686.0,vehicle
184,10184,504765,36,28290,,education
185,10185,1807377,180,0,3165087.0,home
186,10186,1232843,60,9570,4069692.0,business
187,10187,309479,24,9039,,education
188,10188,1876262,300,16668,2814934.0,home
189,10189,329080,36,0,,education
190,10190,4407082,180,25961,4317314.0,home
191,10191,2007041,300,4130,5078474.0,home
192,10192,397854,48,17188,,education
193,10193,251592,36,20781,,education
194,10194,246715,24,5832,,education
195,10195,2648624,240,13779,3433385.0,home
196,10196,253084,24,5219,,education
197,10197,2700752,300,21965,4537494.0,home
198,10198,106120,24,4120,,education
199,10199,361555,36,917,,education
200,10200,400445,24,35113,,personal
201,10201,346002,48,0,,personal
202,10202,332440,36,72802,,personal
203,10203,2468985,84,44125,2458706.0,business
204,10204,2131750,84,32335,3976910.0,business
205,10205,346185,24,45575,,personal
206,10206,2177278,60,20018,2356752.0,business
207,10207,183050,36,24770,,personal
208,10208,189354,48,11923,,personal
209,10209,1320050,240,13072,7055386.0,home
210,10210,1877467,120,0,3677490.0,home
211,10211,154289,24,246,,personal
212,10212,633518,48,0,1373954.0,vehicle
213,10213,240720,36,4575,,personal
214,10214,3374981,180,22335,5108133.0,home
215,10215,491358,48,28659,1262335.0,vehicle
216,10216,140269,24,32360,,personal
217,10217,1662916,60,16611,2296263.0,business
218,10218,2006918,120,580,5074470.0,home
219,10219,440051,24,82730,,personal
220,10220,348490,48,18477,,personal
221,10221,2083825,240,14968,6545853.0,home
222,10222,1873476,36,49620,1199725.0,vehicle
223,10223,2524590,180,1541,5005435.0,home
224,10224,3880261,300,9524,4942322.0,home
225,10225,467945,36,9309,1196791.0,vehicle
226,10226,2104677,120,12256,6043618.0,home
227,10227,2704641,120,20326,4883901.0,home
228,10228,257512,48,24614,,personal
229,10229,302841,48,16250,,education
230,10230,409379,24,5150,,education
231,10231,1595851,180,30729,4653294.0,home
232,10232,446323,36,26546,,personal
233,10233,405814,48,24358,,personal
234,10234,468019,48,11282,1159898.0,vehicle
235,10235,1007244,84,7135,3129871.0,business
236,10236,336680,48,18951,,personal
237,10237,147912,36,16756,,personal
238,10238,255334,36,30864,,personal
239,10239,2414612,300,10278,3807880.0,home
240,10240,3040506,180,24089,5742546.0,home
241,10241,2040447,240,3051,6182264.0,home
242,10242,1300821,240,0,3644087.0,home
243,10243,2160785,240,13142,4606269.0,home
244,10244,196430,36,0,,personal
245,10245,2547492,180,28433,5400842.0,home
246,10246,3065519,84,28650,4463901.0,business
247,10247,991909,48,32690,,education
248,10248,5763740,180,1176,4309060.0,home
249,10249,574194,48,43500,954151.0,vehicle
250,10250,3914387,120,35653,6736575.0,home
251,10251,1506884,60,7382,2122303.0,business
252,10252,259935,48,20668,,personal
253,10253,2140462,120,17450,4541006.0,home
254,10254,1334361,120,5971,3230181.0,business
255,10255,487593,36,59742,,personal
256,10256,3203263,180,8581,7645743.0,home
257,10257,333331,48,11476,,personal
258,10258,406104,48,2063,,education
259,10259,2142443,240,23209,6522537.0,home
260,10260,96008,36,17926,,personal
261,10261,1896314,300,6708,4147592.0,home
262,10262,614766,60,17081,1332205.0,vehicle
263,10263,5608881,240,55159,7292509.0,home
264,10264,823833,120,9608,2852624.0,business
265,10265,594188,36,31246,,personal
266,10266,2454819,120,13489,4760387.0,home
267,10267,3734712,240,39215,5174178.0,home
268,10268,1527560,120,7920,7570038.0,home
269,10269,336728,48,19381,,personal
270,10270,2291996,300,34218,6008681.0,home
271,10271,467130,24,5344,,personal
272,10272,2251651,120,13437,2848042.0,business
273,10273,269642,48,9112,,personal
274,10274,2035209,240,33459,4950071.0,home
275,10275,743313,36,3345,1697240.0,vehicle
276,10276,649040,36,26152,1015074.0,vehicle
277,10277,453292,48,35346,,education
278,10278,132923,48,6865,,personal
279,10279,331021,36,7588,,education
280,10280,1239177,48,30359,670720.0,vehicle
281,10281,135248,24,6891,,personal
282,10282,3853597,240,7700,2189304.0,home
283,10283,497331,60,10103,1780621.0,vehicle
284,10284,237789,36,15376,,personal
285,10285,2462692,300,16216,5567858.0,home
286,10286,631948,36,59107,,personal
287,10287,445294,36,45505,,personal
288,10288,171926,36,11383,,personal
289,10289,2393634,180,0,5254597.0,home
290,10290,3014130,120,28434,5198119.0,home
291,10291,2302626,120,8378,3958190.0,home
292,10292,2386774,180,22988,4920774.0,home
293,10293,1115901,60,9612,4627386.0,business
294,10294,146404,24,308,,personal
295,10295,1551516,240,8044,4250343.0,home
296,10296,1326714,84,2566,1239020.0,business
297,10297,131651,36,42188,,personal
298,10298,2287950,240,30888,2840193.0,home
299,10299,657584,48,332,1073304.0,vehicle
300,10300,5222024,240,7765,3882611.0,home
301,10301,4891307,120,23787,2721432.0,business
302,10302,1167877,60,43410,1482056.0,vehicle
303,10303,256231,24,13834,,personal
304,10304,1981261,120,19461,6987936.0,home
305,10305,300450,36,6664,,personal
306,10306,3359861,180,24908,7485406.0,home
307,10307,1949462,60,55205,1506421.0,business
308,10308,1510488,60,18793,3315310.0,business
309,10309,1257278,48,21405,2004258.0,vehicle
310,10310,321865,48,34541,,personal
311,10311,151557,48,22156,,personal
312,10312,1666349,84,27985,3148531.0,business
313,10313,3364259,120,9396,3686264.0,home
314,10314,765174,48,8311,1761188.0,vehicle
315,10315,113239,36,7413,,personal
316,10316,443786,36,27169,,personal
317,10317,1799599,36,60712,1568579.0,vehicle
318,10318,228304,36,40861,,personal
319,10319,4741917,180,40253,5943345.0,home
320,10320,334816,24,3080,,personal
321,10321,1816374,300,23963,4518451.0,home
322,10322,2601187,240,20417,6012787.0,home
323,10323,1357736,60,10838,1435854.0,vehicle
324,10324,529375,48,1370,1562414.0,vehicle
325,10325,774703,48,3073,1481874.0,vehicle
326,10326,971418,48,56581,1504120.0,vehicle
327,10327,1481682,300,9685,5900329.0,home
328,10328,5168868,240,6112,2252927.0,home
329,10329,484837,48,69885,,personal
330,10330,1227058,60,15328,1699472.0,vehicle
331,10331,2057132,36,56608,1345005.0,vehicle
332,10332,327793,24,47043,,education
333,10333,1709491,120,32919,2856398.0,business
334,10334,87661,48,1516,,personal
335,10335,2526311,180,41135,5183832.0,home
336,10336,431406,48,34021,,personal
337,10337,2707897,84,19366,1210299.0,business
338,10338,1054968,48,16925,1608055.0,vehicle
339,10339,890351,120,23070,2407151.0,business
340,10340,790769,48,25875,1608195.0,vehicle
341,10341,419623,48,3784,1344564.0,vehicle
342,10342,2104640,180,26098,4666239.0,home
343,10343,328871,36,49829,,personal
344,10344,6051382,180,16735,4683932.0,home
345,10345,1850099,300,17907,3633132.0,home
346,10346,4846307,120,60885,6138265.0,home
347,10347,3803999,180,20555,4616312.0,home
348,10348,429881,48,20612,1425076.0,vehicle
349,10349,464870,36,12884,,education
350,10350,2891245,180,4672,6716207.0,home
351,10351,149796,84,15911,3612277.0,business
352,10352,3629886,240,85825,5187590.0,home
353,10353,575118,60,15689,1838068.0,vehicle
354,10354,1836196,300,0,5415132.0,home
355,10355,3931425,300,18425,4461830.0,home
356,10356,1538297,300,58641,5153586.0,home
357,10357,379009,36,17293,,education
358,10358,250308,48,11549,,personal
359,10359,1796691,300,526,5734284.0,home
360,10360,686204,36,16018,1198726.0,vehicle
361,10361,3829383,240,8364,5351787.0,home
362,10362,256725,36,14025,,personal
363,10363,508742,48,52934,,personal
364,10364,4035697,180,22085,6251438.0,home
365,10365,401931,36,0,1711123.0,vehicle
366,10366,498788,84,6647,2937251.0,business
367,10367,1187933,60,50771,1245279.0,vehicle
368,10368,1166312,36,58124,1502895.0,vehicle
369,10369,593647,60,17018,1556050.0,vehicle
370,10370,506021,24,18145,,education
371,10371,1241367,60,15499,4997948.0,business
372,10372,1989128,60,57346,2342203.0,business
373,10373,481796,48,18672,,personal
374,10374,643631,36,10431,1204837.0,vehicle
375,10375,535043,48,5265,1792260.0,vehicle
376,10376,714159,48,10374,1685466.0,vehicle
377,10377,3266992,84,500,2728755.0,business
378,10378,275235,36,0,,personal
379,10379,848948,60,13289,1302364.0,vehicle
380,10380,2197902,180,0,4187497.0,home
381,10381,372501,48,7285,1645360.0,vehicle
382,10382,1388235,60,19166,3005221.0,business
383,10383,1025510,36,20905,1656260.0,vehicle
384,10384,4194042,180,54594,3755975.0,home
385,10385,4546215,120,28982,6471668.0,home
386,10386,1226498,48,4660,1645523.0,vehicle
387,10387,1369986,84,9346,3620093.0,business
388,10388,2000265,84,64862,2962455.0,business
389,10389,2091909,60,31171,2686838.0,business
390,10390,591369,36,16335,,personal
391,10391,102328,36,10707,,education
392,10392,229003,36,56811,,education
393,10393,2039533,36,71936,1530243.0,vehicle
394,10394,522212,36,23973,,personal
395,10395,1182170,48,17802,1150921.0,vehicle
396,10396,60682,24,3041,,personal
397,10397,1736577,300,10860,6277090.0,home
398,10398,1716800,300,30249,4906196.0,home
399,10399,518179,48,10753,,personal
400,10400,1179351,60,20783,2723359.0,business
401,10401,514338,48,4612,1357168.0,vehicle
402,10402,1327830,300,27637,4397841.0,home
403,10403,871382,84,0,4012692.0,business
404,10404,496849,48,40895,,personal
405,10405,637660,36,0,1158393.0,vehicle
406,10406,306688,24,30650,,education
407,10407,516490,48,6482,1020699.0,vehicle
408,10408,1141719,60,6506,1138318.0,vehicle
409,10409,187309,24,8658,,personal
410,10410,3012787,240,43221,5068851.0,home
411,10411,2234488,180,11269,5752434.0,home
412,10412,2963975,180,16015,5000086.0,home
413,10413,3637953,240,11164,1578599.0,home
414,10414,3208837,180,58684,3018152.0,home
415,10415,2529695,240,15416,5868645.0,home
416,10416,1768585,120,1217,5806943.0,home
417,10417,1757152,300,3063,2725433.0,home
418,10418,2259256,180,5817,5493105.0,home
419,10419,1204437,120,8550,5823297.0,home
420,10420,459727,36,5718,,education
421,10421,415618,36,7354,,education
422,10422,1830398,240,439,5350359.0,home
423,10423,405706,36,15056,,education
424,10424,3159191,84,39541,3818537.0,business
425,10425,1947720,84,11635,1972687.0,business
426,10426,1930514,240,9178,4148042.0,home
427,10427,123263,24,24672,,personal
428,10428,1538792,48,46185,1262902.0,vehicle
429,10429,1991783,180,20097,4679445.0,home
430,10430,1175790,300,0,4297374.0,home
431,10431,2040166,300,16133,4759082.0,home
432,10432,510777,48,5482,1412239.0,vehicle
433,10433,202620,36,7459,,personal
434,10434,249976,48,14032,,personal
435,10435,1352260,180,4606,6135603.0,home
436,10436,2181092,240,4286,4370129.0,home
437,10437,2746366,240,13680,5133782.0,home
438,10438,649893,48,0,1430521.0,vehicle
439,10439,1944950,60,9460,1487697.0,business
440,10440,508058,24,9473,,personal
441,10441,1764879,60,6561,2300681.0,business
442,10442,110161,24,9939,,personal
443,10443,844593,60,20103,1202598.0,vehicle
444,10444,684079,48,0,1113679.0,vehicle
445,10445,927488,36,381,1329076.0,vehicle
446,10446,1286435,60,12910,1355819.0,vehicle
447,10447,651854,36,15824,,personal
448,10448,578191,48,6292,1907121.0,vehicle
449,10449,3958994,120,71007,4481881.0,home
450,10450,92748,36,19248,,personal
451,10451,263354,24,22064,,personal
452,10452,1270770,36,13001,1609891.0,vehicle
453,10453,135385,36,2424,,personal
454,10454,1666841,300,19615,6991125.0,home
455,10455,1266108,60,9812,1738126.0,vehicle
456,10456,4494799,240,23966,5680376.0,home
457,10457,3453059,300,47185,3441165.0,home
458,10458,484749,36,24439,,education
459,10459,1938032,180,16625,3155518.0,home
460,10460,452763,36,60187,,personal
461,10461,92814,24,19727,,personal
462,10462,2464691,240,27636,6240185.0,home
463,10463,214265,36,41242,,personal
464,10464,863436,60,42051,1371316.0,vehicle
465,10465,1877223,240,0,5008546.0,home
466,10466,386008,48,7237,,personal
467,10467,849742,24,79210,,education
468,10468,1432344,48,35891,1611768.0,vehicle
469,10469,1092529,60,4445,3554651.0,business
470,10470,954868,36,21407,1682829.0,vehicle
471,10471,3437237,60,12190,2615308.0,business
472,10472,1017887,48,10533,1694547.0,vehicle
473,10473,2572122,120,16614,4310119.0,home
474,10474,1666833,36,12355,1335683.0,vehicle
475,10475,3562735,240,32955,5796757.0,home
476,10476,280949,36,4713,,education
477,10477,213409,48,27637,,personal
478,10478,1274614,36,32446,1564091.0,vehicle
479,10479,1842059,180,0,4828943.0,home
480,10480,1890934,60,81191,1404932.0,vehicle
481,10481,5040966,180,46093,4681055.0,home
482,10482,239891,24,6796,,personal
483,10483,218169,24,15953,,personal
484,10484,1966622,84,0,3422118.0,business
485,10485,1533151,240,16963,5476936.0,home
486,10486,929185,48,39097,1098704.0,vehicle
487,10487,280112,24,19939,,education
488,10488,1327922,84,10382,2603994.0,business
489,10489,447664,24,45009,,education
490,10490,2125472,300,4937,5439267.0,home
491,10491,1138544,36,0,895764.0,vehicle
492,10492,133914,24,11382,,personal
493,10493,551714,24,54261,,personal
494,10494,195529,36,196,,personal
495,10495,6836744,300,25651,4679672.0,home
496,10496,3091008,120,23102,2009425.0,business
497,10497,1944095,300,7340,5050700.0,home
498,10498,1047923,60,6691,5920490.0,business
499,10499,470809,24,26910,,personal
500,10500,442569,24,37465,,personal
501,10501,229297,36,24688,,personal
502,10502,5640001,240,35065,4319366.0,home
503,10503,2995009,120,8473,5147238.0,home
504,10504,3316271,180,32887,5040322.0,home
505,10505,4417234,180,56832,2689326.0,home
506,10506,868993,36,4829,1619024.0,vehicle
507,10507,4463865,300,10925,7576518.0,home
508,10508,318120,24,0,,personal
509,10509,821356,36,33367,955364.0,vehicle
510,10510,212555,24,29409,,personal
511,10511,208359,36,8243,,personal
512,10512,3437895,240,5018,6151304.0,home
513,10513,3186406,240,13342,6196349.0,home
514,10514,3622348,240,7318,6295638.0,home
515,10515,322681,48,10283,,personal
516,10516,299327,48,16482,,education
517,10517,3812611,120,19561,4842655.0,home
518,10518,404890,48,110610,,personal
519,10519,3143579,300,27945,5779463.0,home
520,10520,231326,36,9452,,personal
521,10521,1357696,36,20949,1185684.0,vehicle
522,10522,184498,36,29608,,personal
523,10523,2279771,60,10150,3187530.0,business
524,10524,262001,48,14287,,personal
525,10525,1256069,48,81194,1455952.0,vehicle
526,10526,2961229,120,29198,5704536.0,home
527,10527,206662,36,11118,,personal
528,10528,502747,48,0,899665.0,vehicle
529,10529,2150874,240,29364,2876766.0,home
530,10530,252193,48,38217,,personal
531,10531,2655582,240,25562,4698974.0,home
532,10532,1432727,240,22204,5733016.0,home
533,10533,2446452,60,16513,2868300.0,business
534,10534,670141,48,22877,1569227.0,vehicle
535,10535,5444379,240,18215,2866429.0,home
536,10536,261675,48,29382,,personal
537,10537,209897,24,2611,,personal
538,10538,4065489,120,71344,6908578.0,home
539,10539,199578,24,15764,,personal
540,10540,180676,36,52224,,personal
541,10541,3961669,300,11493,5062847.0,home
542,10542,1240189,36,21020,1570033.0,vehicle
543,10543,3534232,180,48235,6550752.0,home
544,10544,95308,48,5636,,personal
545,10545,353027,48,4719,,personal
546,10546,2779203,300,10667,7842460.0,home
547,10547,281675,36,12994,,personal
548,10548,678079,36,58339,,personal
549,10549,2076774,180,14370,3276854.0,home
550,10550,294607,36,27186,,personal
551,10551,4084952,300,13687,5960576.0,home
552,10552,2593651,84,15453,3087625.0,business
553,10553,685086,24,27596,,education
554,10554,315856,36,13938,,education
555,10555,50000,36,3486,,personal
556,10556,264971,24,729,,education
557,10557,366847,36,23038,,personal
558,10558,162634,36,16607,,education
559,10559,1282228,120,3871,4073842.0,business
560,10560,490756,24,24899,,education
561,10561,4381587,120,10455,5804201.0,home
562,10562,2860832,84,63947,2243189.0,business
563,10563,499707,24,52520,,personal
564,10564,296999,36,11245,,personal
565,10565,1225248,120,4285,3282378.0,business
566,10566,2288419,240,10119,4318778.0,home
567,10567,951331,60,19520,1994754.0,vehicle
568,10568,3196149,300,0,5066292.0,home
569,10569,364331,48,8032,,education
570,10570,212266,48,30201,,personal
571,10571,2735444,84,9647,4729787.0,business
572,10572,884036,48,26085,1502433.0,vehicle
573,10573,225619,48,30906,,personal
574,10574,802156,120,14084,3756553.0,business
575,10575,450278,48,16318,,personal
576,10576,2499868,300,38499,4831996.0,home
577,10577,437721,48,0,,education
578,10578,2102100,84,47915,4210383.0,business
579,10579,162403,84,40495,2633492.0,business
580,10580,509781,36,7169,,education
581,10581,268455,36,7118,,personal
582,10582,1668505,240,9412,4293554.0,home
583,10583,1818951,180,29185,4922083.0,home
584,10584,1526004,84,0,3569302.0,business
585,10585,3609475,180,6698,3955234.0,home
586,10586,3828502,180,14042,5018465.0,home
587,10587,1256341,48,63947,1048128.0,vehicle
588,10588,739851,24,40463,,education
589,10589,166453,24,16798,,education
590,10590,2629701,180,5213,5868803.0,home
591,10591,2412817,120,20843,2984313.0,business
592,10592,2293901,84,8759,2407834.0,business
593,10593,685575,60,19807,1532894.0,vehicle
594,10594,597733,60,9675,1873585.0,vehicle
595,10595,263938,36,43159,,personal
596,10596,348116,48,27034,,personal
597,10597,2690284,48,26345,1403777.0,vehicle
598,10598,677006,60,32535,1103825.0,vehicle
599,10599,1577689,180,14323,4775822.0,home
600,10600,4883497,180,17653,2352878.0,home
601,10601,707256,60,21226,1189651.0,vehicle
602,10602,436165,24,29517,,personal
603,10603,407970,48,116073,,personal
604,10604,278228,24,2631,,personal
605,10605,689375,48,6225,844297.0,vehicle
606,10606,291856,24,14696,,personal
607,10607,6209239,120,34112,5782674.0,home
608,10608,414946,36,15714,1475699.0,vehicle
609,10609,87877,36,0,,personal
610,10610,756746,36,29160,,education
611,10611,535234,60,13354,2043045.0,vehicle
612,10612,436921,24,23392,,education
613,10613,917378,84,9531,1061473.0,business
614,10614,389411,36,18057,,education
615,10615,418099,48,19204,,personal
616,10616,757027,60,8007,2526370.0,business
617,10617,359544,24,12797,,personal
618,10618,350949,24,4954,,education
619,10619,2671128,180,11525,4370118.0,home
620,10620,685741,48,27367,1614047.0,vehicle
621,10621,491890,36,17746,,education
622,10622,245146,48,36565,,personal
623,10623,1903833,36,10823,1688018.0,vehicle
624,10624,1399898,84,9281,3812038.0,business
625,10625,3710211,120,28362,5557954.0,home
626,10626,411999,36,27825,,personal
627,10627,1459655,36,61801,1338625.0,vehicle
628,10628,812376,36,14899,1111543.0,vehicle
629,10629,436328,36,37662,,personal
630,10630,1262877,240,333,4838367.0,home
631,10631,2030584,120,0,4859883.0,home
632,10632,1516960,36,44910,1154437.0,vehicle
633,10633,1132424,60,18516,537190.0,vehicle
634,10634,323942,48,8007,,personal
635,10635,1636724,120,7612,4536345.0,business
636,10636,4978428,180,42205,4605755.0,home
637,10637,644855,24,42184,,education
638,10638,514190,36,25883,,personal
639,10639,1601843,60,23659,2292819.0,business
640,10640,2578315,84,55603,3327970.0,business
641,10641,212704,24,15596,,personal
642,10642,918975,36,10158,822622.0,vehicle
643,10643,2935734,180,14511,7443899.0,home
644,10644,790481,48,64906,1589666.0,vehicle
645,10645,380191,48,10425,,education
646,10646,271444,36,19745,,personal
647,10647,801348,48,29379,,education
648,10648,361958,24,35073,,personal
649,10649,705127,60,38457,1504486.0,vehicle
650,10650,256269,36,14044,,personal
651,10651,1856132,180,6174,6214535.0,home
652,10652,2076720,240,5914,6870352.0,home
653,10653,4826077,300,41712,4810777.0,home
654,10654,280722,36,43975,,personal
655,10655,2382768,300,27812,3392876.0,home
656,10656,86236,36,0,,personal
657,10657,5286921,300,19062,4875320.0,home
658,10658,1291417,36,5986,1461497.0,vehicle
659,10659,2625896,60,20346,4029600.0,business
660,10660,487358,24,8310,,education
661,10661,3376108,180,57367,4495713.0,home
662,10662,5058681,240,10846,4528698.0,home
663,10663,971293,120,28834,3893068.0,business
664,10664,622148,60,15212,1351635.0,vehicle
665,10665,435590,36,41181,,education
666,10666,1773290,48,30561,1378456.0,vehicle
667,10667,962963,36,17741,1294386.0,vehicle
668,10668,3885486,180,28350,4018305.0,home
669,10669,229550,36,47906,,personal
670,10670,429341,36,4330,,personal
671,10671,2139015,180,5614,4908840.0,home
672,10672,243008,24,7206,,personal
673,10673,488799,48,13081,,personal
674,10674,2375218,84,15760,4108777.0,business
675,10675,1872547,120,23800,5432719.0,home
676,10676,4146063,240,30746,4364470.0,home
677,10677,311093,36,1195,,personal
678,10678,1375889,240,1680,6835998.0,home
679,10679,2188405,240,9449,5102365.0,home
680,10680,234089,48,42495,,personal
681,10681,2494988,300,3892,2854936.0,home
682,10682,742947,36,32097,1351493.0,vehicle
683,10683,448450,60,9046,1604349.0,vehicle
684,10684,50000,36,20873,,personal
685,10685,2596385,240,2318,3720016.0,home
686,10686,293301,48,16389,,personal
687,10687,287639,36,8905,,education
688,10688,630064,48,23873,1657889.0,vehicle
689,10689,2625142,240,0,3838176.0,home
690,10690,2919218,300,8007,5671313.0,home
691,10691,371607,36,58122,,education
692,10692,395687,48,1507,1162901.0,vehicle
693,10693,1722171,60,24293,3640113.0,business
694,10694,1303375,48,19237,1554242.0,vehicle
695,10695,960522,36,11598,1823875.0,vehicle
696,10696,1248819,60,13996,1009810.0,vehicle
697,10697,106931,36,11825,,personal
698,10698,1162519,48,34597,1455263.0,vehicle
699,10699,3638210,240,60350,6292631.0,home
700,10700,588974,36,15079,,personal
701,10701,772753,36,24860,,education
702,10702,556439,36,4091,,education
703,10703,237432,24,10188,,education
704,10704,329778,24,33038,,personal
705,10705,4841459,240,36573,5236090.0,home
706,10706,1760927,300,9553,4634385.0,home
707,10707,187933,36,18486,,personal
708,10708,4500101,240,11211,6575274.0,home
709,10709,260143,24,7751,,personal
710,10710,1674962,180,3515,3608861.0,home
711,10711,447855,48,26366,1406265.0,vehicle
712,10712,2684531,240,0,4076803.0,home
713,10713,462156,48,22410,1582882.0,vehicle
714,10714,334294,36,18515,,personal
715,10715,1947677,300,14399,5415376.0,home
716,10716,483519,48,17369,1220436.0,vehicle
717,10717,1115030,84,13826,3058439.0,business
718,10718,1219732,60,64182,1705755.0,vehicle
719,10719,248324,36,22342,,personal
720,10720,2294000,60,44691,2761756.0,business
721,10721,3792825,60,29035,4553634.0,business
722,10722,267359,48,11181,,personal
723,10723,4422553,240,47436,5856115.0,home
724,10724,2966253,60,37656,2778951.0,business
725,10725,53785,24,559,,personal
726,10726,412638,24,56576,,personal
727,10727,1061655,120,12945,7066031.0,home
728,10728,1225135,120,32685,1564237.0,business
729,10729,397504,36,7828,,personal
730,10730,189595,48,10150,,personal
731,10731,2911534,180,21767,5808151.0,home
732,10732,2479018,120,6122,1520708.0,home
733,10733,3256582,84,19138,3359766.0,business
734,10734,620352,60,11735,1278799.0,vehicle
735,10735,353073,48,14633,1678346.0,vehicle
736,10736,350790,48,47538,,personal
737,10737,2114636,180,2043,4737684.0,home
738,10738,1704539,36,25667,1328135.0,vehicle
739,10739,1632812,60,79403,1630428.0,vehicle
740,10740,2003719,120,5280,5245106.0,home
741,10741,2738813,120,69283,3873988.0,home
742,10742,1709682,300,20641,6081652.0,home
743,10743,3132082,180,8251,5649042.0,home
744,10744,297401,36,22259,,education
745,10745,50000,60,23320,2863864.0,business
746,10746,1442808,60,12940,1231528.0,vehicle
747,10747,2328599,120,0,3028077.0,home
748,10748,3396151,120,11401,3826957.0,home
749,10749,109441,36,4012,,personal
750,10750,875722,60,28914,3874093.0,business
751,10751,5253423,180,21501,4573005.0,home
752,10752,2002105,180,12586,5648449.0,home
753,10753,951594,36,37511,,education
754,10754,128376,36,10269,,personal
755,10755,1160726,36,31057,1678152.0,vehicle
756,10756,508822,36,15277,,education
757,10757,480420,36,76193,,personal
758,10758,723035,84,7260,3338140.0,business
759,10759,1531324,120,0,3401678.0,home
760,10760,1439203,60,39714,2710880.0,business
761,10761,577204,48,8232,1461182.0,vehicle
762,10762,377867,24,0,,personal
763,10763,232850,24,15294,,education
764,10764,436945,36,8566,1463927.0,vehicle
765,10765,198454,36,0,,personal
766,10766,1617832,48,42947,909901.0,vehicle
767,10767,3753533,180,21135,3854744.0,home
768,10768,1184027,48,54490,1751095.0,vehicle
769,10769,621924,48,27071,1440517.0,vehicle
770,10770,4847458,300,14689,5594169.0,home
771,10771,975392,60,16225,3343370.0,business
772,10772,2377752,180,3692,5598518.0,home
773,10773,1041724,48,83658,1154560.0,vehicle
774,10774,2200332,300,9775,4207265.0,home
775,10775,561106,60,6101,924831.0,vehicle
776,10776,3819402,180,20464,4779598.0,home
777,10777,638759,48,0,1302506.0,vehicle
778,10778,2597593,240,10278,6753963.0,home
779,10779,1523063,180,17650,4552450.0,home
780,10780,169165,48,0,,personal
781,10781,339251,36,933,,education
782,10782,2857037,180,23844,3510165.0,home
783,10783,3768623,180,0,3920965.0,home
784,10784,282816,24,5576,,personal
785,10785,4827846,180,15968,5643633.0,home
786,10786,4285762,84,13529,3259384.0,business
787,10787,642951,60,0,1073577.0,vehicle
788,10788,2363257,180,0,5428478.0,home
789,10789,343404,36,24330,,personal
790,10790,165617,48,4562,,personal
791,10791,1284282,48,21145,1219366.0,vehicle
792,10792,1378248,48,59986,873572.0,vehicle
793,10793,375986,60,37507,1466617.0,vehicle
794,10794,1379653,84,25000,2047031.0,business
795,10795,353723,24,36129,,personal
796,10796,2913273,180,20849,7146965.0,home
797,10797,1774046,180,22174,5146511.0,home
798,10798,2603513,300,0,5033618.0,home
799,10799,2662229,240,70855,4621924.0,home
800,10800,3887592,300,9605,3758745.0,home
801,10801,257905,36,58438,,personal
802,10802,5656016,180,27824,5294942.0,home
803,10803,1439796,48,17754,671575.0,vehicle
804,10804,313314,24,7705,,education
805,10805,2920855,300,23824,5655829.0,home
806,10806,2047632,180,0,5513062.0,home
807,10807,2232078,300,36294,4016322.0,home
808,10808,2498624,240,8734,5509525.0,home
809,10809,134811,36,70427,,personal
810,10810,656003,36,29068,,personal
811,10811,2360364,120,7409,7415985.0,home
812,10812,1708701,36,33601,1174816.0,vehicle
813,10813,1813119,180,8084,7008823.0,home
814,10814,574416,24,26608,,education
815,10815,1129846,60,52622,1647249.0,vehicle
816,10816,880104,60,18405,1007182.0,vehicle
817,10817,2382118,240,32639,4747467.0,home
818,10818,2163174,240,5897,4999509.0,home
819,10819,324996,36,54558,,personal
820,10820,349484,48,17034,,personal
821,10821,1688967,84,15587,3908783.0,business
822,10822,4999671,180,2103,4804599.0,home
823,10823,227002,24,106,,personal
824,10824,142308,36,42338,,personal
825,10825,3314241,120,21500,776147.0,business
826,10826,4770920,120,90165,3460764.0,home
827,10827,312312,36,2790,,personal
828,10828,2353908,180,8301,5865597.0,home
829,10829,522690,24,5333,,education
830,10830,393702,60,0,799482.0,vehicle
831,10831,547082,48,29978,,personal
832,10832,251786,48,798,,personal
833,10833,1918568,48,73528,1312682.0,vehicle
834,10834,1104457,48,36685,1093778.0,vehicle
835,10835,1779115,240,17492,3499111.0,home
836,10836,665876,60,3247,1593174.0,vehicle
837,10837,1015847,48,23461,1688151.0,vehicle
838,10838,2039840,180,0,4827836.0,home
839,10839,317635,48,18456,,personal
840,10840,3847476,180,16467,5927364.0,home
841,10841,137452,48,8242,,education
842,10842,255160,48,1880,,personal
843,10843,2176604,84,21726,980150.0,business
844,10844,114494,24,20190,,personal
845,10845,1575331,180,10482,6235906.0,home
846,10846,332083,36,35624,,personal
847,10847,4563824,300,34922,4698463.0,home
848,10848,897283,120,0,4040350.0,business
849,10849,260926,48,13220,,personal
850,10850,50000,36,13735,,personal
851,10851,1923728,240,5271,6367090.0,home
852,10852,526840,24,29441,,education
853,10853,648568,24,38825,,personal
854,10854,478066,36,43960,,personal
855,10855,2013106,120,332,6058210.0,home
856,10856,2242969,60,19795,4742866.0,business
857,10857,1795944,180,0,4259473.0,home
858,10858,384036,36,7858,,education
859,10859,261137,48,11896,,personal
860,10860,1558278,180,0,5069893.0,home
861,10861,2355385,120,25282,5598816.0,home
862,10862,163344,36,18941,,personal
863,10863,800507,36,40260,1646000.0,vehicle
864,10864,2531023,180,18654,5720481.0,home
865,10865,829427,36,23764,,personal
866,10866,369368,24,7568,,personal
867,10867,135231,36,0,,education
868,10868,1817251,180,749,5349212.0,home
869,10869,1714978,240,20643,2467183.0,home
870,10870,661796,48,13369,,personal
871,10871,702685,48,34573,,education
872,10872,688225,36,34288,,personal
873,10873,225445,48,19060,,personal
874,10874,1350666,60,18345,1126461.0,vehicle
875,10875,2705290,120,5537,4149032.0,home
876,10876,1451082,60,28703,3180285.0,business
877,10877,664965,36,17774,1567989.0,vehicle
878,10878,565148,36,56343,,education
879,10879,2559453,84,64504,3596695.0,business
880,10880,2560586,84,25434,3112437.0,business
881,10881,690808,48,23679,,education
882,10882,3108179,180,18130,4375173.0,home
883,10883,2972604,60,33271,4181098.0,business
884,10884,118075,24,9120,,personal
885,10885,635606,36,25882,1865344.0,vehicle
886,10886,706462,48,39350,,education
887,10887,577529,60,8875,1618176.0,vehicle
888,10888,379189,24,24947,,personal
889,10889,443335,36,10252,1007983.0,vehicle
890,10890,692050,36,25317,,personal
891,10891,110780,24,5860,,personal
892,10892,238556,24,19654,,personal
893,10893,243089,48,5743,,personal
894,10894,267333,36,15326,,personal
895,10895,1231204,36,40098,1272681.0,vehicle
896,10896,2001532,240,6337,3747801.0,home
897,10897,317826,24,0,,personal
898,10898,1076685,48,49682,1633757.0,vehicle
899,10899,1663135,300,2759,4390799.0,home
900,10900,1862878,180,2542,4630467.0,home
901,10901,3354448,240,21352,4910781.0,home
902,10902,246451,24,26974,,personal
903,10903,172472,24,8759,,personal
904,10904,2980753,240,21471,8244650.0,home
905,10905,926079,36,32436,,personal
906,10906,4627484,180,2964,7319556.0,home
907,10907,222014,24,9603,,personal
908,10908,1251769,48,23443,1198358.0,vehicle
909,10909,181769,24,13583,,personal
910,10910,688698,48,35017,1115563.0,vehicle
911,10911,2614695,120,31287,6147212.0,home
912,10912,320571,36,11462,,personal
913,10913,2208198,240,5093,3893770.0,home
914,10914,3129395,84,12055,3638580.0,business
915,10915,478977,36,15990,,education
916,10916,1565972,60,1368,1570935.0,vehicle
917,10917,454246,48,45998,,education
918,10918,2228651,240,10047,5864537.0,home
919,10919,1112843,36,21482,1424497.0,vehicle
920,10920,914578,84,26435,5076559.0,business
921,10921,1590871,180,2465,6406552.0,home
922,10922,498003,24,36318,,personal
923,10923,963885,48,10862,1603424.0,vehicle
924,10924,153910,36,9436,,personal
925,10925,4543614,180,39830,7281662.0,home
926,10926,693741,60,6202,1885823.0,vehicle
927,10927,716677,84,15706,2430102.0,business
928,10928,1856541,300,9699,6353352.0,home
929,10929,434866,24,7604,,education
930,10930,492570,48,21365,,education
931,10931,432192,48,0,,education
932,10932,815835,24,35187,,education
933,10933,697377,60,9808,1335911.0,vehicle
934,10934,4141065,300,12549,4398340.0,home
935,10935,2668440,84,77832,3069170.0,business
936,10936,390424,24,45250,,personal
937,10937,2699448,180,13844,4957533.0,home
938,10938,635327,60,34530,1780155.0,vehicle
939,10939,270161,36,14163,,personal
940,10940,2197616,84,14722,2034827.0,business
941,10941,1319885,84,14151,3359521.0,business
942,10942,357663,24,1204,,personal
943,10943,3481613,120,6177,4165642.0,home
944,10944,50000,84,16262,2408626.0,business
945,10945,250830,36,21409,,personal
946,10946,241965,36,18113,1308351.0,vehicle
947,10947,1673823,48,53055,1619333.0,vehicle
948,10948,725045,60,15039,1710698.0,vehicle
949,10949,122253,48,18394,,personal
950,10950,4857081,240,26253,6520164.0,home
951,10951,2216405,180,218,4289777.0,home
952,10952,2552435,120,24554,4773344.0,home
953,10953,521190,36,2550,1296465.0,vehicle
954,10954,2438955,120,0,3521362.0,home
955,10955,214611,24,14268,,personal
956,10956,3862424,300,34599,6315187.0,home
957,10957,742999,120,18620,2817033.0,business
958,10958,193632,36,48057,,personal
959,10959,1605874,84,6666,2572658.0,business
960,10960,329648,24,13337,,personal
961,10961,1377375,180,9516,1962100.0,home
962,10962,1402475,36,44576,1409387.0,vehicle
963,10963,3437140,300,54792,4483123.0,home
964,10964,1666172,84,21390,2724180.0,business
965,10965,2537716,300,4533,4901771.0,home
966,10966,311302,24,2031,,education
967,10967,163375,48,3755,,personal
968,10968,1382759,120,45128,3121473.0,business
969,10969,205374,36,20667,,personal
970,10970,622714,48,16810,,personal
971,10971,413246,36,21445,974043.0,vehicle
972,10972,455367,36,70004,,education
973,10973,3156881,180,8090,5025072.0,home
974,10974,404923,48,0,,personal
975,10975,1058959,36,96947,1680581.0,vehicle
976,10976,2245926,120,12606,4313335.0,home
977,10977,586176,60,41889,2704072.0,business
978,10978,410903,60,19028,1475854.0,vehicle
979,10979,319872,36,5713,,personal
980,10980,150192,36,24654,,personal
981,10981,133200,24,1876,,personal
982,10982,4016903,240,26488,4393461.0,home
983,10983,3419093,240,52903,3644982.0,home
984,10984,249676,36,7285,,personal
985,10985,431687,36,878,,personal
986,10986,255947,48,12156,1377409.0,vehicle
987,10987,643262,60,16492,1652733.0,vehicle
988,10988,7329996,240,27723,6392253.0,home
989,10989,1562055,60,29357,2586384.0,business
990,10990,4150244,180,39929,4898111.0,home
991,10991,3960111,180,62064,6016885.0,home
992,10992,267798,48,17452,,personal
993,10993,2073369,180,28922,5351118.0,home
994,10994,1223692,60,2724,429145.0,business
995,10995,2717629,120,8801,5325528.0,home
996,10996,5532856,300,3480,7959021.0,home
997,10997,1186679,60,4818,1767494.0,vehicle
998,10998,943453,60,47148,1329505.0,vehicle
999,10999,2581620,300,32260,3390548.0,home
1000,11000,556444,60,983,1490022.0,vehicle
1001,11001,664960,48,35031,1323735.0,vehicle
1002,11002,294214,24,24919,,personal
1003,11003,1734327,120,5859,7911256.0,home
1004,11004,1236008,60,15374,3088503.0,business
1005,11005,455500,48,21958,,education
1006,11006,2552312,180,31636,6199771.0,home
1007,11007,2719264,240,42937,5955572.0,home
1008,11008,1336068,60,92133,1595251.0,vehicle
1009,11009,2525689,300,5881,7093174.0,home
1010,11010,4384442,300,47071,4231676.0,home
1011,11011,3197322,180,66032,3126947.0,home
1012,11012,488798,48,46499,,personal
1013,11013,486387,48,14158,,education
1014,11014,986070,240,38384,4169380.0,home
1015,11015,581102,48,5291,1519180.0,vehicle
1016,11016,379296,36,12417,,personal
1017,11017,2315300,300,6916,4721341.0,home
1018,11018,310757,36,2861,,personal
1019,11019,487849,36,41857,,education
1020,11020,630502,60,5043,3157517.0,business
1021,11021,1897963,240,30573,5074812.0,home
1022,11022,1726544,60,0,1782197.0,business
1023,11023,901953,48,53008,,education
1024,11024,715712,48,53561,,education
1025,11025,764558,36,9158,1896993.0,vehicle
1026,11026,2111022,300,0,3813030.0,home
1027,11027,1835960,84,47673,2880562.0,business
1028,11028,377078,36,0,,education
1029,11029,3717497,120,21880,5766220.0,home
1030,11030,2414885,180,1070,6359822.0,home
1031,11031,1586246,240,7476,4750463.0,home
1032,11032,935564,36,19088,,education
1033,11033,378047,48,17963,,education
1034,11034,594512,60,1981,1494779.0,vehicle
1035,11035,3224524,180,28530,3727122.0,home
1036,11036,1537896,60,35274,1106045.0,vehicle
1037,11037,857581,48,12691,1679153.0,vehicle
1038,11038,2606419,180,15072,5683806.0,home
1039,11039,4769213,180,20892,7294273.0,home
1040,11040,2004674,120,16893,5309423.0,home
1041,11041,1436741,60,3129,2745979.0,business
1042,11042,321459,48,44797,,personal
1043,11043,2091410,60,4043,2689554.0,business
1044,11044,3593486,300,47964,4662192.0,home
1045,11045,444160,48,35557,,personal
1046,11046,190401,48,2212,,education
1047,11047,1168737,60,34758,1157730.0,vehicle
1048,11048,654862,300,32010,4673333.0,home
1049,11049,241807,36,10468,,personal
1050,11050,1160541,120,19344,3740639.0,business
1051,11051,4611133,120,11376,3705607.0,home
1052,11052,4836269,180,33539,6714434.0,home
1053,11053,382530,24,15798,,personal
1054,11054,6072224,60,27432,4190886.0,business
1055,11055,656155,24,11243,,personal
1056,11056,4931354,240,39893,6442304.0,home
1057,11057,641350,36,6251,1012271.0,vehicle
1058,11058,850823,60,16354,1507966.0,vehicle
1059,11059,126109,36,8527,,personal
1060,11060,318636,36,20510,,personal
1061,11061,81480,36,2392,,education
1062,11062,1843716,300,11320,4373168.0,home
1063,11063,1833652,84,36130,3800369.0,business
1064,11064,341204,24,36387,,personal
1065,11065,4474307,120,22955,2058382.0,business
1066,11066,481944,48,16730,,education
1067,11067,341647,24,16392,,personal
1068,11068,246081,48,10251,,personal
1069,11069,4243172,240,32465,3684270.0,home
1070,11070,857919,120,61,453995.0,business
1071,11071,2362951,120,9845,7667398.0,home
1072,11072,261133,48,3645,,personal
1073,11073,1992348,60,9082,3147969.0,business
1074,11074,2104521,180,25542,6511111.0,home
1075,11075,846888,48,8794,,education
1076,11076,489840,36,0,,education
1077,11077,236627,24,12606,,personal
1078,11078,481880,24,47804,,personal
1079,11079,268380,24,15175,,education
1080,11080,136829,24,32437,,personal
1081,11081,2338982,180,79,3667575.0,home
1082,11082,1723843,180,26970,6285853.0,home
1083,11083,833087,60,24484,567443.0,vehicle
1084,11084,346902,24,12261,,personal
1085,11085,3219000,180,25185,5493869.0,home
1086,11086,366143,48,4657,,personal
1087,11087,913546,60,34221,1243075.0,vehicle
1088,11088,300817,48,51144,,personal
1089,11089,976309,240,8128,6318661.0,home
1090,11090,396002,36,41509,,personal
1091,11091,455086,36,35113,,education
1092,11092,2496450,84,16575,3189116.0,business
1093,11093,514928,36,46195,,personal
1094,11094,204973,36,28464,,personal
1095,11095,1784470,60,5990,4282559.0,business
1096,11096,578431,36,47229,,personal
1097,11097,1887444,240,9690,5405127.0,home
1098,11098,215845,24,13584,,personal
1099,11099,188968,36,0,,personal
1100,11100,632848,48,22815,1630437.0,vehicle
1101,11101,208497,36,35516,,personal
1102,11102,294326,48,5302,,personal
1103,11103,1629006,60,11922,1411870.0,business
1104,11104,4365816,120,14373,2659639.0,business
1105,11105,2412505,120,13739,4484787.0,home
1106,11106,656045,48,42562,1013064.0,vehicle
1107,11107,4866671,240,43502,5217125.0,home
1108,11108,5151049,120,88098,6462719.0,home
1109,11109,623339,48,29413,,personal
1110,11110,466152,48,3846,843425.0,vehicle
1111,11111,705242,24,10652,,education
1112,11112,215048,36,72,,personal
1113,11113,306989,36,41305,,personal
1114,11114,2797098,120,9086,6335225.0,home
1115,11115,2816352,240,24619,5190844.0,home
1116,11116,725479,36,27590,1319093.0,vehicle
1117,11117,860770,36,21741,1572448.0,vehicle
1118,11118,2006164,120,15851,4025049.0,business
1119,11119,195482,48,20324,,personal
1120,11120,928281,36,34718,1010837.0,vehicle
1121,11121,373924,24,21194,,personal
1122,11122,5596505,240,49060,5039128.0,home
1123,11123,350271,24,19906,,personal
1124,11124,4339573,180,23683,3859714.0,home
1125,11125,264558,24,1225,,personal
1126,11126,953361,60,18252,1777624.0,vehicle
1127,11127,6478003,180,52068,4718572.0,home
1128,11128,3127144,240,64385,4168004.0,home
1129,11129,1406456,36,7893,1269377.0,vehicle
1130,11130,306157,36,10396,,personal
1131,11131,1766826,240,6987,2977101.0,home
1132,11132,293144,48,0,,personal
1133,11133,111229,36,693,,personal
1134,11134,414924,48,36587,,personal
1135,11135,106399,36,9629,,personal
1136,11136,2254832,240,5604,5574092.0,home
1137,11137,742995,48,20770,,education
1138,11138,1462224,60,23780,3379542.0,business
1139,11139,346751,48,23009,,education
1140,11140,502269,36,21681,,education
1141,11141,158449,36,7499,,personal
1142,11142,4140551,120,11881,6731110.0,home
1143,11143,245262,24,7693,,personal
1144,11144,952833,84,23580,1827614.0,business
1145,11145,2371699,240,17328,2974374.0,home
1146,11146,460239,36,29286,,personal
1147,11147,2267368,240,29988,6012152.0,home
1148,11148,677589,60,24356,1200716.0,vehicle
1149,11149,160856,36,308,,personal
1150,11150,429468,36,140620,,personal
1151,11151,98993,36,22144,,personal
1152,11152,3200829,120,38507,3204696.0,business
1153,11153,1420377,48,28774,1832494.0,vehicle
1154,11154,570906,36,84381,,personal
1155,11155,1508429,60,36047,1364150.0,vehicle
1156,11156,529138,36,11812,1546636.0,vehicle
1157,11157,778657,36,30227,832979.0,vehicle
1158,11158,111662,24,4228,,personal
1159,11159,536288,60,2506,1248706.0,vehicle
1160,11160,339311,24,55609,,personal
1161,11161,607605,48,20769,,personal
1162,11162,2450324,180,3496,4772548.0,home
1163,11163,472429,24,9709,,education
1164,11164,646054,36,0,1286853.0,vehicle
1165,11165,656433,36,3126,1084178.0,vehicle
1166,11166,186669,24,22933,,personal
1167,11167,645452,60,0,1976611.0,vehicle
1168,11168,459652,36,13531,,personal
1169,11169,150310,36,35479,,personal
1170,11170,632832,36,20816,,education
1171,11171,183995,36,7516,,personal
1172,11172,4177787,240,26089,5504773.0,home
1173,11173,2605511,240,16723,6567033.0,home
1174,11174,2487059,240,15155,4890340.0,home
1175,11175,641507,60,7019,1442273.0,vehicle
1176,11176,3101700,120,16062,5501360.0,home
1177,11177,1742649,60,30716,3713566.0,business
1178,11178,706750,48,19631,1176718.0,vehicle
1179,11179,659231,36,47714,,personal
1180,11180,5170914,180,30320,4926957.0,home
1181,11181,3282283,120,9317,2669585.0,home
1182,11182,3135220,300,10371,5475521.0,home
1183,11183,247206,36,28917,,personal
1184,11184,684677,48,4020,1608523.0,vehicle
1185,11185,626223,48,6461,1878827.0,vehicle
1186,11186,455510,24,10615,,education
1187,11187,443211,24,40615,,personal
1188,11188,4604903,180,62689,4134701.0,home
1189,11189,223312,36,14185,,personal
1190,11190,155164,36,0,,education
1191,11191,178072,48,28941,,personal
1192,11192,3036634,240,13580,4170046.0,home
1193,11193,780431,60,0,1674074.0,vehicle
1194,11194,1949570,240,0,4472338.0,home
1195,11195,2077857,60,22539,3823171.0,business
1196,11196,709957,60,36104,1348563.0,vehicle
1197,11197,1422057,84,26566,619620.0,business
1198,11198,1090870,48,6326,1307095.0,vehicle
1199,11199,1075742,180,659,5538680.0,home
1200,11200,859723,60,4238,2126587.0,vehicle
1201,11201,3907022,180,18557,5325011.0,home
1202,11202,2286628,60,15148,2890631.0,business
1203,11203,359076,24,7505,,personal
1204,11204,126922,36,28861,,personal
1205,11205,519485,48,31314,,education
1206,11206,308837,24,17131,,education
1207,11207,1681238,60,64322,3011240.0,business
1208,11208,1786619,180,9833,5373674.0,home
1209,11209,233913,48,1127,,personal
1210,11210,667978,24,36762,,education
1211,11211,50000,60,42852,3835272.0,business
1212,11212,189904,24,19211,,personal
1213,11213,1876966,60,14682,3385527.0,business
1214,11214,272999,36,5425,,education
1215,11215,3803124,240,45877,8463595.0,home
1216,11216,650534,60,16944,1873657.0,vehicle
1217,11217,237849,36,11834,,personal
1218,11218,418449,48,4120,,personal
1219,11219,4469828,120,61997,6413682.0,home
1220,11220,1064459,36,18349,1184541.0,vehicle
1221,11221,6683450,240,9233,3934771.0,home
1222,11222,214107,48,9689,,personal
1223,11223,4801523,240,20202,4377440.0,home
1224,11224,254920,24,5833,,personal
1225,11225,3714798,240,15641,5560499.0,home
1226,11226,261094,48,0,1220218.0,vehicle
1227,11227,4209571,84,2132,1970283.0,business
1228,11228,3085047,300,10526,5741227.0,home
1229,11229,2406954,240,23888,5387313.0,home
1230,11230,2954806,120,27764,5223938.0,home
1231,11231,637053,60,21293,1821265.0,vehicle
1232,11232,442698,48,14677,,education
1233,11233,2363962,120,14781,6960302.0,home
1234,11234,194118,36,12349,,personal
1235,11235,3757598,300,56679,4289663.0,home
1236,11236,209997,36,17913,,personal
1237,11237,315610,36,14769,,personal
1238,11238,2784903,60,0,,business
1239,11239,3052250,84,17204,3364851.0,business
1240,11240,593963,36,7786,1425194.0,vehicle
1241,11241,1036269,60,4424,1434763.0,vehicle
1242,11242,205523,24,0,,personal
1243,11243,3076517,300,16992,6116350.0,home
1244,11244,3751386,180,23991,5662430.0,home
1245,11245,2127632,180,12718,2763122.0,home
1246,11246,796876,60,10135,1346505.0,vehicle
1247,11247,262893,36,46737,,education
1248,11248,2232587,240,30999,4841406.0,home
1249,11249,4450140,240,16059,5002375.0,home
1250,11250,397232,24,13060,,personal
1251,11251,2703058,120,1644,6739297.0,home
1252,11252,2202147,60,18693,3460197.0,business
1253,11253,4903728,180,19321,5638038.0,home
1254,11254,226415,24,12512,,personal
1255,11255,1059635,36,18142,1397360.0,vehicle
1256,11256,1735444,300,365,4738744.0,home
1257,11257,538497,36,5778,1382552.0,vehicle
1258,11258,454812,60,1407,916293.0,vehicle
1259,11259,251347,24,24969,,personal
1260,11260,50000,24,5694,,personal
1261,11261,1886756,240,743,3708070.0,home
1262,11262,5769096,120,79222,4806477.0,home
1263,11263,5529888,180,21032,4392184.0,home
1264,11264,2180742,240,5722,4716175.0,home
1265,11265,780944,36,22724,1773699.0,vehicle
1266,11266,5443410,60,23433,3463714.0,business
1267,11267,1184317,48,32814,1274489.0,vehicle
1268,11268,363237,48,28881,,personal
1269,11269,503536,36,28410,,personal
1270,11270,213427,48,11956,,personal
1271,11271,1617646,120,35158,6533143.0,home
1272,11272,215924,48,22868,,personal
1273,11273,158425,36,25848,,personal
1274,11274,2482888,240,5465,5949261.0,home
1275,11275,2223258,120,9525,5347721.0,home
1276,11276,846539,120,14366,3562072.0,business
1277,11277,335044,48,18226,,personal
1278,11278,3346637,180,18770,5721299.0,home
1279,11279,421113,24,15805,,education
1280,11280,818730,60,8474,1781140.0,vehicle
1281,11281,721747,36,9109,1806084.0,vehicle
1282,11282,1395346,36,33909,1654086.0,vehicle
1283,11283,2034618,300,9146,4348807.0,home
1284,11284,169375,48,11769,,personal
1285,11285,198574,48,6204,,personal
1286,11286,164918,36,20190,,personal
1287,11287,1971532,300,9100,3354686.0,home
1288,11288,567811,36,41878,,personal
1289,11289,2388754,120,7549,5271472.0,home
1290,11290,740812,36,27225,1944797.0,vehicle
1291,11291,2479758,84,27099,3504781.0,business
1292,11292,1794447,48,37334,1029507.0,vehicle
1293,11293,4236170,120,37808,5837919.0,home
1294,11294,3747672,240,31361,3861646.0,home
1295,11295,1312239,48,5,1314452.0,vehicle
1296,11296,161885,24,5417,,personal
1297,11297,2130317,60,23530,2644977.0,business
1298,11298,907266,36,43263,,personal
1299,11299,275534,24,7899,,personal
1300,11300,577993,36,0,,personal
1301,11301,312972,24,11439,,personal
1302,11302,2517113,300,732,4769266.0,home
1303,11303,1519641,60,39007,3356873.0,business
1304,11304,702037,60,12597,893329.0,vehicle
1305,11305,3667022,60,18997,4040892.0,business
1306,11306,2894436,240,9681,4996750.0,home
1307,11307,261616,24,3486,,personal
1308,11308,61212,36,19876,,personal
1309,11309,3912882,60,24967,3123679.0,business
1310,11310,439399,36,8920,,personal
1311,11311,1149900,60,61416,1444564.0,vehicle
1312,11312,177826,36,9774,,education
1313,11313,988080,36,3417,1808104.0,vehicle
1314,11314,4459969,240,40408,6716749.0,home
1315,11315,3628158,240,25749,4353488.0,home
1316,11316,4614120,120,47751,4006529.0,home
1317,11317,986923,60,860,1267487.0,vehicle
1318,11318,1695539,84,14334,3348199.0,business
1319,11319,2529437,84,19495,3016262.0,business
1320,11320,1553333,300,13496,7034732.0,home
1321,11321,3028726,180,10916,4843933.0,home
1322,11322,5172541,120,55673,6250554.0,home
1323,11323,4104355,240,38539,6777580.0,home
1324,11324,4154499,180,33628,4576443.0,home
1325,11325,558001,60,15084,1227185.0,vehicle
1326,11326,193180,24,1608,,education
1327,11327,766930,36,24927,,education
1328,11328,610702,60,35362,1831369.0,vehicle
1329,11329,3877179,120,40625,6963972.0,home
1330,11330,481744,24,16416,,personal
1331,11331,619431,24,60207,,personal
1332,11332,4523061,240,16722,3211580.0,home
1333,11333,5393273,240,13741,6542461.0,home
1334,11334,3174009,240,8132,5731142.0,home
1335,11335,1842528,180,0,5543654.0,home
1336,11336,835913,48,14078,1336549.0,vehicle
1337,11337,2104016,120,28823,2049253.0,home
1338,11338,1058948,48,55675,1446673.0,vehicle
1339,11339,1328271,300,0,3526216.0,home
1340,11340,385026,24,17874,,personal
1341,11341,3904298,300,50024,4776064.0,home
1342,11342,214878,36,8518,,education
1343,11343,2279463,240,19414,5376453.0,home
1344,11344,6638728,180,43659,6532849.0,home
1345,11345,188195,36,21615,,personal
1346,11346,289320,48,36948,,personal
1347,11347,2423459,120,5048,4628103.0,home
1348,11348,209972,36,21201,,personal
1349,11349,751682,36,28824,,education
1350,11350,747317,48,5621,1692744.0,vehicle
1351,11351,1105819,48,20920,1407273.0,vehicle
1352,11352,256312,36,14708,,personal
1353,11353,1669919,240,1160,3857685.0,home
1354,11354,868786,60,1638,1487219.0,vehicle
1355,11355,3727553,240,64489,7177911.0,home
1356,11356,334419,24,105059,,personal
1357,11357,1527325,120,13065,1682781.0,business
1358,11358,94049,36,10361,,personal
1359,11359,159046,36,18827,,personal
1360,11360,3205331,84,13092,2787956.0,business
1361,11361,663164,24,19848,,personal
1362,11362,375604,48,41450,,personal
1363,11363,2882416,60,44688,1033361.0,business
1364,11364,4482892,120,62016,5375660.0,home
1365,11365,498214,36,11417,,education
1366,11366,233891,48,0,,personal
1367,11367,1415411,120,0,3190860.0,business
1368,11368,593184,48,50455,,personal
1369,11369,94031,36,4175,,personal
1370,11370,2242806,60,3707,3483495.0,business
1371,11371,1220104,36,18309,1478061.0,vehicle
1372,11372,2916912,180,1941,5599401.0,home
1373,11373,3228882,300,26502,5659952.0,home
1374,11374,1488858,48,36658,1306620.0,vehicle
1375,11375,510507,48,2689,1235744.0,vehicle
1376,11376,1169887,36,10699,1798309.0,vehicle
1377,11377,683674,48,5359,888547.0,vehicle
1378,11378,4562416,60,31275,2362805.0,business
1379,11379,865837,36,55668,1268799.0,vehicle
1380,11380,704328,36,94370,,personal
1381,11381,5522337,84,110131,3195430.0,business
1382,11382,975938,48,47964,1803466.0,vehicle
1383,11383,501733,36,8298,1299393.0,vehicle
1384,11384,160280,36,8889,,personal
1385,11385,252559,48,28725,,personal
1386,11386,1670011,240,26659,4873220.0,home
1387,11387,3788020,240,57248,3582794.0,home
1388,11388,3346802,300,41994,3011914.0,home
1389,11389,4188342,240,22662,3858986.0,home
1390,11390,1838369,180,13082,4434210.0,home
1391,11391,2075095,180,8902,4271208.0,home
1392,11392,499050,36,62203,,education
1393,11393,1524114,84,18729,3827464.0,business
1394,11394,198590,36,12358,,personal
1395,11395,1247787,84,67294,2541233.0,business
1396,11396,423238,36,65915,,personal
1397,11397,277227,24,26027,,personal
1398,11398,1150206,60,27091,1100382.0,vehicle
1399,11399,3720453,180,25221,5981458.0,home
1400,11400,686288,36,69201,,personal
1401,11401,659253,60,7784,1893318.0,business
1402,11402,1233739,36,11584,1575987.0,vehicle
1403,11403,2583904,300,52999,7365539.0,home
1404,11404,168152,48,22007,,personal
1405,11405,2206110,180,9759,5703691.0,home
1406,11406,2421087,240,55253,5090978.0,home
1407,11407,359824,36,15758,,personal
1408,11408,1546174,48,53615,1119910.0,vehicle
1409,11409,335326,36,26265,,personal
1410,11410,849207,84,17688,3887296.0,business
1411,11411,699458,36,17268,1212826.0,vehicle
1412,11412,647441,60,33956,1539209.0,vehicle
1413,11413,1976385,240,28303,5629043.0,home
1414,11414,1456590,180,13738,6197533.0,home
1415,11415,425449,48,0,,personal
1416,11416,862587,60,10900,1323493.0,vehicle
1417,11417,3282854,120,74171,5081338.0,home
1418,11418,1958045,300,16258,4963745.0,home
1419,11419,1130927,48,39174,1359808.0,vehicle
1420,11420,645699,60,9368,1203734.0,vehicle
1421,11421,314417,36,11221,,personal
1422,11422,1611508,36,26848,1450936.0,vehicle
1423,11423,1699391,240,10704,6495515.0,home
1424,11424,997031,48,37478,1071618.0,vehicle
1425,11425,1744848,120,19655,2149276.0,business
1426,11426,2079583,240,0,6557320.0,home
1427,11427,176579,48,7773,,personal
1428,11428,1033955,24,47615,,education
1429,11429,419605,36,8360,,personal
1430,11430,4030783,240,37153,6967157.0,home
1431,11431,2191720,120,15855,2381352.0,business
1432,11432,410248,48,24321,,education
1433,11433,273542,48,664,,personal
1434,11434,2080694,120,730,4695049.0,home
1435,11435,444858,36,26095,,personal
1436,11436,95150,36,10234,,personal
1437,11437,520790,36,0,1145811.0,vehicle
1438,11438,834337,60,5311,1352731.0,vehicle
1439,11439,401839,48,52694,,personal
1440,11440,3520217,180,12401,5187388.0,home
1441,11441,170421,36,11045,,personal
1442,11442,4181469,120,25678,6479491.0,home
1443,11443,4340879,300,17094,6208861.0,home
1444,11444,273327,24,17348,,personal
1445,11445,2498710,120,21963,4749809.0,home
1446,11446,3120346,84,32813,4286655.0,business
1447,11447,323823,24,22852,,personal
1448,11448,536615,24,30341,,education
1449,11449,316310,36,7450,,personal
1450,11450,499095,36,8382,,personal
1451,11451,4175084,180,18777,6327950.0,home
1452,11452,253020,48,21558,,personal
1453,11453,3768881,240,23744,5302626.0,home
1454,11454,450654,36,8737,1458382.0,vehicle
1455,11455,355940,36,5424,,education
1456,11456,517959,36,18561,,personal
1457,11457,1762329,300,10794,1808451.0,home
1458,11458,3214291,180,2888,3815872.0,home
1459,11459,379625,36,45536,,education
1460,11460,912369,36,44146,1569283.0,vehicle
1461,11461,620590,48,27354,,personal
1462,11462,231506,24,16773,,personal
1463,11463,2629464,180,6854,4998530.0,home
1464,11464,2251880,240,18887,3476448.0,home
1465,11465,204075,24,24445,,education
1466,11466,390686,48,0,1112118.0,vehicle
1467,11467,5607897,240,0,6212764.0,home
1468,11468,2929661,120,11603,4510521.0,home
1469,11469,2540497,300,12456,2769366.0,home
1470,11470,1745043,240,31292,6501379.0,home
1471,11471,1107221,60,8378,1530204.0,vehicle
1472,11472,732178,48,49386,,personal
1473,11473,534417,24,24990,,education
1474,11474,246968,48,9990,,personal
1475,11475,4397570,180,76255,2811809.0,home
1476,11476,412436,60,25750,1325995.0,vehicle
1477,11477,257298,24,19009,,education
1478,11478,352061,36,20871,,personal
1479,11479,325990,48,20597,,personal
1480,11480,244287,24,16369,,personal
1481,11481,263666,36,0,,personal
1482,11482,2371921,120,24173,6877497.0,home
1483,11483,608333,24,47742,,personal
1484,11484,232856,36,20092,,personal
1485,11485,2107031,84,28402,2907510.0,business
1486,11486,90296,48,2762,,personal
1487,11487,334905,24,43964,,personal
1488,11488,359082,48,1155,1569577.0,vehicle
1489,11489,241291,36,5493,,personal
1490,11490,769824,60,23875,2971071.0,business
1491,11491,176629,24,10000,,personal
1492,11492,244580,36,28843,,education
1493,11493,3485882,300,15428,6769176.0,home
1494,11494,217332,48,10675,,personal
1495,11495,158739,48,7677,,personal
1496,11496,366893,36,62754,,personal
1497,11497,4181870,180,47057,4383177.0,home
1498,11498,398510,36,49052,,personal
1499,11499,2226245,300,46162,6602414.0,home
1500,11500,294613,36,2447,,personal
1501,11501,1310541,180,3493,5427788.0,home
1502,11502,210324,48,25176,,personal
1503,11503,2235906,180,0,3972065.0,home
1504,11504,9650883,240,99042,3781739.0,home
1505,11505,430571,36,21736,,education
1506,11506,3959664,180,19521,4849718.0,home
1507,11507,170256,36,0,,personal
1508,11508,688311,84,31383,2620710.0,business
1509,11509,354664,84,13008,2756819.0,business
1510,11510,3781558,180,5348,4674135.0,home
1511,11511,450271,36,9071,,personal
1512,11512,483299,48,0,1058206.0,vehicle
1513,11513,2088924,60,38081,4546447.0,business
1514,11514,221193,36,24326,,personal
1515,11515,2776624,240,29829,5820101.0,home
1516,11516,1016978,36,31714,1193475.0,vehicle
1517,11517,2809870,240,12269,3954549.0,home
1518,11518,251625,24,10220,,personal
1519,11519,476086,48,0,1639649.0,vehicle
1520,11520,236082,48,8712,,personal
1521,11521,240324,36,16275,,education
1522,11522,2718234,60,20504,3374313.0,business
1523,11523,1188711,60,21944,4184156.0,business
1524,11524,372952,60,21352,1475735.0,vehicle
1525,11525,707645,48,36479,,personal
1526,11526,508081,24,67174,,personal
1527,11527,1258181,36,21203,,personal
1528,11528,3256905,120,35823,4264644.0,home
1529,11529,1870843,300,31427,5761103.0,home
1530,11530,2784097,180,57271,3620865.0,home
1531,11531,691224,60,4955,1542975.0,vehicle
1532,11532,3355118,120,20012,5519178.0,home
1533,11533,1017306,36,9353,1446026.0,vehicle
1534,11534,171960,24,29368,,personal
1535,11535,1410993,48,30712,970178.0,vehicle
1536,11536,208258,36,0,,personal
1537,11537,2082497,240,42260,5300687.0,home
1538,11538,219916,36,23967,,personal
1539,11539,906590,60,15196,2501526.0,business
1540,11540,486267,36,26659,,education
1541,11541,267372,48,4132,,personal
1542,11542,2039775,180,42651,6524103.0,home
1543,11543,214262,36,14601,,personal
1544,11544,4101300,180,52346,5577132.0,home
1545,11545,716498,36,9084,990484.0,vehicle
1546,11546,3648008,120,24995,4694769.0,home
1547,11547,595219,36,21745,,education
1548,11548,2518022,180,46396,3466874.0,home
1549,11549,421214,24,29226,,education
1550,11550,527894,36,50189,846143.0,vehicle
1551,11551,90468,24,12947,,personal
1552,11552,487606,48,30948,,education
1553,11553,6986370,240,43952,4418508.0,home
1554,11554,1479197,180,18473,4867257.0,home
1555,11555,741070,24,20675,,personal
1556,11556,1075043,36,47607,1240749.0,vehicle
1557,11557,919819,60,15675,1059323.0,vehicle
1558,11558,387683,48,50526,,education
1559,11559,1521108,120,2001,5580776.0,home
1560,11560,3657386,300,14597,4788130.0,home
1561,11561,1292723,36,30436,1620172.0,vehicle
1562,11562,2177208,300,26691,4188719.0,home
1563,11563,3550017,120,27654,6050338.0,home
1564,11564,1903542,300,28817,4664572.0,home
1565,11565,2072795,180,7817,5630768.0,home
1566,11566,4239599,240,23043,3984213.0,home
1567,11567,2587181,84,57556,1121143.0,business
1568,11568,1002763,36,114343,,education
1569,11569,368920,48,9267,,personal
1570,11570,2856520,180,10471,4647957.0,home
1571,11571,3499762,240,26718,5915013.0,home
1572,11572,156549,24,5765,,personal
1573,11573,458767,36,15690,,education
1574,11574,2676437,180,16446,3624991.0,home
1575,11575,1816085,48,13797,1207565.0,vehicle
1576,11576,1068541,48,25475,1087905.0,vehicle
1577,11577,140657,36,10304,,personal
1578,11578,5698941,120,31652,6445290.0,home
1579,11579,273888,36,29302,,education
1580,11580,149126,36,11415,,personal
1581,11581,3176020,60,29778,2348315.0,business
1582,11582,153894,48,6606,,personal
1583,11583,3636035,120,20808,3205832.0,home
1584,11584,122567,48,927,,personal
1585,11585,667112,24,53796,,personal
1586,11586,1462799,24,69414,,personal
1587,11587,266667,24,6769,,personal
1588,11588,1380104,60,8033,3082524.0,business
1589,11589,1124466,180,6590,3503372.0,home
1590,11590,3081449,180,17916,5752378.0,home
1591,11591,342819,36,29513,,personal
1592,11592,1816938,240,48406,4728091.0,home
1593,11593,2625663,180,9452,5933716.0,home
1594,11594,806370,48,15068,1579768.0,vehicle
1595,11595,468524,36,5437,,personal
1596,11596,1607871,120,10418,4131782.0,home
1597,11597,352527,24,9689,,personal
1598,11598,4582195,120,39052,2347161.0,home
1599,11599,2283001,120,13999,5371426.0,home
1600,11600,1312483,48,40750,1690587.0,vehicle
1601,11601,2478581,240,2144,3903316.0,home
1602,11602,82561,24,12688,,personal
1603,11603,424052,36,26221,,personal
1604,11604,217055,36,7092,,personal
1605,11605,1547511,300,5142,3617067.0,home
1606,11606,673854,60,26444,1336724.0,vehicle
1607,11607,5282182,120,24873,6207654.0,home
1608,11608,3331206,120,15862,6898116.0,home
1609,11609,1306752,48,12470,1265871.0,vehicle
1610,11610,536245,36,44172,,personal
1611,11611,1174435,240,6122,5134834.0,home
1612,11612,2814436,300,26807,4797038.0,home
1613,11613,2172482,60,38312,3147567.0,business
1614,11614,943055,60,48290,1286882.0,vehicle
1615,11615,3529269,60,18398,4045994.0,business
1616,11616,2793784,84,42769,1995891.0,business
1617,11617,1016644,48,21897,1727563.0,vehicle
1618,11618,2700160,180,4754,4687414.0,home
1619,11619,228146,36,16227,,personal
1620,11620,3804492,180,20860,5494972.0,home
1621,11621,3180937,240,30774,3285372.0,home
1622,11622,217078,48,19736,,personal
1623,11623,756712,36,32726,1170396.0,vehicle
1624,11624,2831436,300,1141,6477095.0,home
1625,11625,385483,36,49605,,personal
1626,11626,807034,24,33143,,personal
1627,11627,1500682,180,30641,4540504.0,home
1628,11628,1660032,180,6778,3647441.0,home
1629,11629,3423798,300,20771,5852400.0,home
1630,11630,683378,48,0,1380089.0,vehicle
1631,11631,639322,24,70202,,personal
1632,11632,198333,36,0,,personal
1633,11633,213952,24,15695,,personal
1634,11634,1834048,300,0,4388260.0,home
1635,11635,7497126,120,66628,5211197.0,home
1636,11636,2065396,120,19249,4832316.0,home
1637,11637,2120804,240,7051,3753947.0,home
1638,11638,3760733,180,53545,5672607.0,home
1639,11639,1079832,36,42841,1606331.0,vehicle
1640,11640,3834124,300,40941,3686778.0,home
1641,11641,1079145,36,25950,,personal
1642,11642,140261,24,12983,,personal
1643,11643,253830,36,12072,,education
1644,11644,1884092,180,4266,6304182.0,home
1645,11645,556293,48,37586,,personal
1646,11646,1011567,60,9083,1222892.0,business
1647,11647,3521884,240,14123,4388673.0,home
1648,11648,330136,36,30772,,personal
1649,11649,361893,48,32710,,personal
1650,11650,1519102,36,24685,695478.0,vehicle
1651,11651,2198043,240,39230,5494705.0,home
1652,11652,1004241,48,0,1540355.0,vehicle
1653,11653,622261,48,44115,1929462.0,vehicle
1654,11654,1150361,48,78823,1487403.0,vehicle
1655,11655,1431110,60,33534,4064456.0,business
1656,11656,190922,24,0,,personal
1657,11657,2615164,180,5217,4545435.0,home
1658,11658,122370,24,4015,,education
1659,11659,184448,24,55126,,personal
1660,11660,3890885,180,20895,5302142.0,home
1661,11661,654437,60,14924,1104340.0,vehicle
1662,11662,2320085,84,60223,3786955.0,business
1663,11663,386275,36,12115,,education
1664,11664,1718868,240,7653,6193547.0,home
1665,11665,2491189,180,25319,4836058.0,home
1666,11666,400789,48,1368,1646227.0,vehicle
1667,11667,992512,36,44646,1168587.0,vehicle
1668,11668,2160493,180,7699,3990619.0,home
1669,11669,373664,36,15258,,education
1670,11670,8075860,120,1374,5322243.0,home
1671,11671,6895143,120,73591,5045953.0,home
1672,11672,620089,36,33196,1262328.0,vehicle
1673,11673,3471771,180,30616,6727043.0,home
1674,11674,385396,24,35187,,personal
1675,11675,4118886,180,10974,4990670.0,home
1676,11676,79072,24,14045,,personal
1677,11677,2096557,60,15416,1458851.0,vehicle
1678,11678,461072,36,10420,1598341.0,vehicle
1679,11679,95250,24,41086,,personal
1680,11680,1829276,48,12253,1744563.0,vehicle
1681,11681,310982,36,29350,,personal
1682,11682,1794402,48,75315,1190125.0,vehicle
1683,11683,297813,36,5186,,education
1684,11684,741356,36,12373,,personal
1685,11685,354540,24,56248,,education
1686,11686,456032,48,47439,,education
1687,11687,305075,48,3949,,personal
1688,11688,1467687,120,17439,1711600.0,business
1689,11689,747656,36,19187,828328.0,vehicle
1690,11690,405616,36,6947,,education
1691,11691,3259854,120,8825,4954965.0,home
1692,11692,1330871,48,12701,1069430.0,vehicle
1693,11693,2800331,36,11134,1001050.0,vehicle
1694,11694,593402,36,19572,,personal
1695,11695,608458,48,26077,1542317.0,vehicle
1696,11696,260965,24,49411,,personal
1697,11697,2204743,180,0,6410977.0,home
1698,11698,837419,48,9749,2135514.0,vehicle
1699,11699,2968039,60,6895,2497707.0,business
1700,11700,4692225,180,25462,6005295.0,home
1701,11701,4930977,120,51000,6540798.0,home
1702,11702,633455,60,496,1258447.0,vehicle
1703,11703,241337,24,14213,,personal
1704,11704,847483,36,15095,1677934.0,vehicle
1705,11705,1243386,60,18583,1636213.0,vehicle
1706,11706,172988,36,33965,,personal
1707,11707,3322073,300,0,4407089.0,home
1708,11708,705146,24,84456,,personal
1709,11709,1851179,120,0,5351967.0,home
1710,11710,844075,48,17155,1445065.0,vehicle
1711,11711,457201,36,27543,,personal
1712,11712,251458,48,1493,,personal
1713,11713,614152,24,46583,,personal
1714,11714,456585,48,39547,,personal
1715,11715,1085059,36,12153,1017647.0,vehicle
1716,11716,6520635,180,53673,5598942.0,home
1717,11717,4663390,180,22270,6140335.0,home
1718,11718,256832,48,1623,,personal
1719,11719,400510,36,23480,,personal
1720,11720,965161,120,6926,4575246.0,business
1721,11721,2091479,120,4891,6470505.0,home
1722,11722,1726235,48,9396,1553587.0,vehicle
1723,11723,412901,48,19345,,education
1724,11724,244196,24,3728,,personal
1725,11725,311572,36,20984,,education
1726,11726,264647,36,8850,,personal
1727,11727,840937,48,12654,1524462.0,vehicle
1728,11728,3482470,180,18450,4044803.0,home
1729,11729,3107167,180,15479,4068963.0,home
1730,11730,4753384,300,7551,9424960.0,home
1731,11731,1078420,36,10134,709396.0,vehicle
1732,11732,2423006,180,10286,6645703.0,home
1733,11733,5676985,120,37677,6768655.0,home
1734,11734,299790,36,9595,,education
1735,11735,276663,24,59484,,personal
1736,11736,211107,24,39716,,personal
1737,11737,3931570,120,76223,2351323.0,home
1738,11738,4117640,120,13563,3291224.0,home
1739,11739,3257110,240,0,5695529.0,home
1740,11740,1141897,84,6341,3614148.0,business
1741,11741,1056501,36,15045,1044631.0,vehicle
1742,11742,1906195,180,14557,3779727.0,home
1743,11743,376333,36,25994,,personal
1744,11744,1807114,60,2793,983291.0,vehicle
1745,11745,158977,48,27978,,personal
1746,11746,1812773,180,39331,4442104.0,home
1747,11747,993453,60,13018,1031603.0,vehicle
1748,11748,751542,48,17934,999456.0,vehicle
1749,11749,535547,48,25505,,personal
1750,11750,419397,24,36899,,personal
1751,11751,334726,36,27519,,education
1752,11752,3331808,120,23383,5184322.0,home
1753,11753,450238,48,30393,1566552.0,vehicle
1754,11754,630165,60,23627,,business
1755,11755,183187,36,0,,education
1756,11756,390012,48,24941,,personal
1757,11757,696638,60,2817,1095674.0,vehicle
1758,11758,520498,36,24115,1597029.0,vehicle
1759,11759,310402,36,0,1228208.0,vehicle
1760,11760,381284,24,51325,,personal
1761,11761,228132,24,12257,,personal
1762,11762,764953,60,9954,1589430.0,vehicle
1763,11763,1203322,60,18828,1408619.0,vehicle
1764,11764,5815796,180,66123,5369424.0,home
1765,11765,1652578,300,0,5909508.0,home
1766,11766,2238965,60,13951,4022753.0,business
1767,11767,2671232,240,264,3547653.0,home
1768,11768,276323,24,15231,,personal
1769,11769,50000,36,0,,personal
1770,11770,174573,48,15970,,personal
1771,11771,2282334,60,29583,3240727.0,business
1772,11772,556045,48,7899,,education
1773,11773,400222,48,23665,,personal
1774,11774,1638833,120,20118,5529265.0,home
1775,11775,647196,48,54847,,education
1776,11776,225228,24,664,,personal
1777,11777,1513155,180,6625,6277443.0,home
1778,11778,256025,24,368,,personal
1779,11779,246528,36,24969,,personal
1780,11780,305074,36,6313,,personal
1781,11781,1402830,300,0,4772669.0,home
1782,11782,179738,48,5083,,personal
1783,11783,1486823,240,33434,4495290.0,home
1784,11784,267727,24,4280,,personal
1785,11785,1133353,60,17050,1238667.0,vehicle
1786,11786,883544,24,32864,,education
1787,11787,1263940,60,71187,1561688.0,vehicle
1788,11788,1837784,300,0,7401891.0,home
1789,11789,2761025,240,23538,4322144.0,home
1790,11790,1077303,180,20831,5985179.0,home
1791,11791,183573,48,16194,,education
1792,11792,180861,36,23918,,personal
1793,11793,1071456,180,7588,3553791.0,home
1794,11794,4422569,180,31466,4711692.0,home
1795,11795,693738,60,18608,822006.0,vehicle
1796,11796,243888,48,9287,,personal
1797,11797,4648978,300,17472,5347346.0,home
1798,11798,2466451,240,7793,5471904.0,home
1799,11799,1672458,240,17455,7337469.0,home
1800,11800,610479,48,19271,668963.0,vehicle
1801,11801,2285993,240,5019,4710683.0,home
1802,11802,1536054,60,14043,1318691.0,vehicle
1803,11803,97939,48,16701,,personal
1804,11804,368535,36,21189,,education
1805,11805,2906732,240,16050,6036356.0,home
1806,11806,167641,24,10822,,education
1807,11807,528307,48,46394,1726163.0,vehicle
1808,11808,5081351,120,4128,3238377.0,business
1809,11809,2261447,180,4655,5962416.0,home
1810,11810,339078,36,39251,,personal
1811,11811,268771,48,16716,,personal
1812,11812,2258066,180,29161,2295492.0,home
1813,11813,2156198,84,51968,2890576.0,business
1814,11814,1757905,48,37746,1082711.0,vehicle
1815,11815,248020,48,10116,,personal
1816,11816,3184823,180,12631,5678634.0,home
1817,11817,1904676,120,33126,4685326.0,home
1818,11818,627372,36,16322,,education
1819,11819,2435422,180,34727,8372742.0,home
1820,11820,907476,36,26001,1421533.0,vehicle
1821,11821,993136,48,53672,1093069.0,vehicle
1822,11822,747724,36,23916,,education
1823,11823,583170,48,21350,1883145.0,vehicle
1824,11824,4975655,180,20285,5589423.0,home
1825,11825,548630,24,32666,,education
1826,11826,1069893,36,18797,1598928.0,vehicle
1827,11827,2289183,240,6124,4449061.0,home
1828,11828,2255296,180,91,5294987.0,home
1829,11829,3914598,300,16626,6253517.0,home
1830,11830,2106540,120,11860,4894852.0,home
1831,11831,2550095,120,14034,4295317.0,business
1832,11832,622603,48,7487,1190745.0,vehicle
1833,11833,4112350,120,38756,6082742.0,home
1834,11834,3590841,300,17022,5661888.0,home
1835,11835,3323651,180,14306,4934667.0,home
1836,11836,742394,24,34668,,education
1837,11837,3507463,120,64686,6230983.0,home
1838,11838,1460266,36,13728,1321764.0,vehicle
1839,11839,632998,60,0,1082581.0,vehicle
1840,11840,159205,36,15792,,personal
1841,11841,2408829,240,13898,7376880.0,home
1842,11842,713160,60,2294,1377783.0,vehicle
1843,11843,590770,24,8802,,personal
1844,11844,833492,48,12719,965189.0,vehicle
1845,11845,609374,24,59791,,personal
1846,11846,180978,24,858,,personal
1847,11847,899237,60,41678,1129341.0,vehicle
1848,11848,828853,60,17527,1077331.0,vehicle
1849,11849,3397754,84,26522,2125035.0,business
1850,11850,394475,36,26132,,personal
1851,11851,1940142,84,20034,5075786.0,business
1852,11852,1645362,180,26699,5256841.0,home
1853,11853,946466,48,10673,1451541.0,vehicle
1854,11854,1449434,60,27953,2938279.0,business
1855,11855,3399067,180,27326,3656252.0,home
1856,11856,1543443,60,15150,3113494.0,business
1857,11857,2511175,300,14430,3617225.0,home
1858,11858,3921541,84,35741,3506278.0,business
1859,11859,782397,36,25114,1812076.0,vehicle
1860,11860,1318267,180,7794,4667062.0,home
1861,11861,50000,48,14353,,personal
1862,11862,3653462,240,12800,5560838.0,home
1863,11863,5789352,240,57810,4841940.0,home
1864,11864,2017611,240,11570,3990199.0,home
1865,11865,559389,36,65643,,personal
1866,11866,5873811,120,112122,820219.0,business
1867,11867,1970596,180,22990,4507908.0,home
1868,11868,617310,60,21489,797021.0,vehicle
1869,11869,2034269,300,8380,5815868.0,home
1870,11870,267836,48,26434,,personal
1871,11871,2948647,240,10114,4937524.0,home
1872,11872,2574796,240,27966,5263419.0,home
1873,11873,4577910,240,37450,5036454.0,home
1874,11874,411138,36,15759,,education
1875,11875,180659,24,38105,,personal
1876,11876,826792,48,13203,1043472.0,vehicle
1877,11877,3933605,120,1542,3961747.0,home
1878,11878,671180,24,25190,,education
1879,11879,374199,24,19901,,personal
1880,11880,3735981,180,14132,4826552.0,home
1881,11881,5491798,300,70854,3931767.0,home
1882,11882,1643541,180,8913,5181617.0,home
1883,11883,367003,36,20648,,personal
1884,11884,418852,36,12470,,education
1885,11885,831696,48,3084,1506701.0,vehicle
1886,11886,5006814,300,29726,7165955.0,home
1887,11887,2841953,300,19260,7638604.0,home
1888,11888,2259671,120,25227,1408906.0,business
1889,11889,1498543,240,11488,4996717.0,home
1890,11890,1150672,60,21710,3651187.0,business
1891,11891,294080,48,14500,,education
1892,11892,4356556,180,48101,6986051.0,home
1893,11893,609594,60,5046,1328568.0,vehicle
1894,11894,1835466,60,8132,1770805.0,business
1895,11895,958774,60,10355,934664.0,vehicle
1896,11896,330058,24,45947,,personal
1897,11897,2237992,120,28931,3523429.0,home
1898,11898,341427,24,0,,education
1899,11899,251617,24,36784,,personal
1900,11900,1724368,60,14592,2921685.0,business
1901,11901,613348,48,19276,1111567.0,vehicle
1902,11902,338201,36,11133,,education
1903,11903,2182469,300,24819,2157879.0,home
1904,11904,4188241,300,45966,4489076.0,home
1905,11905,1658016,240,10862,3852881.0,home
1906,11906,2505455,120,5018,5741223.0,home
1907,11907,1771975,240,5731,4588841.0,home
1908,11908,3145929,120,12879,3651341.0,home
1909,11909,1198543,120,1392,2328073.0,business
1910,11910,387467,36,39249,,personal
1911,11911,1154544,48,13797,1276353.0,vehicle
1912,11912,1818140,60,39285,1539339.0,business
1913,11913,3270392,120,22098,2878303.0,home
1914,11914,441729,48,11386,1255340.0,vehicle
1915,11915,330995,48,8740,,education
1916,11916,4045004,240,25529,4484226.0,home
1917,11917,209132,24,8074,,personal
1918,11918,2273951,240,2214,4419593.0,home
1919,11919,1152307,120,35680,3566447.0,home
1920,11920,3050952,240,28356,4102982.0,home
1921,11921,1696335,120,6868,1458642.0,business
1922,11922,433928,24,26693,,personal
1923,11923,147885,48,21587,,personal
1924,11924,444840,24,0,,education
1925,11925,3429768,240,18075,5869802.0,home
1926,11926,236700,36,26702,,education
1927,11927,1981069,60,17700,563813.0,vehicle
1928,11928,3327783,120,7938,3771059.0,home
1929,11929,213927,48,19408,,personal
1930,11930,2419435,240,0,3599944.0,home
1931,11931,2004637,180,57794,5867253.0,home
1932,11932,369757,48,15225,,personal
1933,11933,222120,36,56330,,personal
1934,11934,373761,24,17276,,education
1935,11935,1367192,48,23383,1415373.0,vehicle
1936,11936,936570,48,38694,1311588.0,vehicle
1937,11937,288358,24,19270,,personal
1938,11938,191084,36,14945,,personal
1939,11939,392749,48,23806,1600876.0,vehicle
1940,11940,930342,120,22309,3043988.0,business
1941,11941,548893,84,20428,1017374.0,business
1942,11942,1164366,48,2677,1376610.0,vehicle
1943,11943,411515,36,27707,,personal
1944,11944,1417032,48,60897,1277092.0,vehicle
1945,11945,961357,60,20401,1489371.0,vehicle
1946,11946,1740483,180,26849,6515151.0,home
1947,11947,398623,36,6210,,education
1948,11948,2318948,84,4463,1754175.0,business
1949,11949,81121,24,9897,,personal
1950,11950,272529,24,44741,,personal
1951,11951,6723605,180,41019,5534253.0,home
1952,11952,1741389,48,20085,1712585.0,vehicle
1953,11953,6676484,240,6395,6299548.0,home
1954,11954,2880273,180,28493,6457562.0,home
1955,11955,682337,48,7207,,education
1956,11956,789505,36,17048,1642226.0,vehicle
1957,11957,627786,48,45416,,education
1958,11958,1139834,36,0,1135920.0,vehicle
1959,11959,1920539,240,743,4668865.0,home
1960,11960,5146379,240,4360,4860148.0,home
1961,11961,243406,24,9582,,personal
1962,11962,3298496,120,16252,3523769.0,home
1963,11963,3317558,240,18611,6050749.0,home
1964,11964,316435,36,33986,,personal
1965,11965,4305765,84,31002,3746174.0,business
1966,11966,263613,24,11146,,personal
1967,11967,2739517,300,21868,3623768.0,home
1968,11968,4208804,180,20016,3894769.0,home
1969,11969,1542921,84,17720,2275967.0,business
1970,11970,324727,48,37251,,personal
1971,11971,234941,48,4829,,education
1972,11972,4284074,180,28680,8531303.0,home
1973,11973,1962534,180,11698,4991480.0,home
1974,11974,4457452,240,32531,4753485.0,home
1975,11975,159234,48,52225,,education
1976,11976,4897965,120,19761,6461436.0,home
1977,11977,670078,120,20251,3241323.0,business
1978,11978,2403760,240,31034,3475156.0,home
1979,11979,177333,24,8740,,personal
1980,11980,1603192,240,4480,5380710.0,home
1981,11981,841648,48,71101,937625.0,vehicle
1982,11982,3829876,240,10827,3970296.0,home
1983,11983,342077,48,16329,,personal
1984,11984,388890,24,42978,,education
1985,11985,2132388,240,18862,4677563.0,home
1986,11986,128287,36,7474,,personal
1987,11987,747883,48,14960,1075924.0,vehicle
1988,11988,3805159,84,18892,2918005.0,business
1989,11989,749740,60,4212,2888887.0,business
1990,11990,2046031,60,14668,4440356.0,business
1991,11991,6670670,120,26091,6610442.0,home
1992,11992,4266778,300,36784,3879688.0,home
1993,11993,4124335,84,52714,2222990.0,business
1994,11994,791443,48,32971,1291557.0,vehicle
1995,11995,4606089,120,10345,5555979.0,home
1996,11996,276118,36,17144,,personal
1997,11997,3239976,240,13769,4713650.0,home
1998,11998,67586,24,1586,,personal
1999,11999,577071,36,8100,,personal
2000,12000,485139,36,82406,,personal
